"","sample","Best original","Random original","UMI-tools","SiCeLoRe","Nailpolish (without FDD)","Nailpolish (with FDD)","NP vs Best original","NP vs Random original","NP vs UMI-tools","NP vs SiCeLoRe"
"1","LR-split-seq",0.00324851109907958,0.00566037735849056,0.00578034682080924,0.00431499460625674,0.00621632822213012,0.00447928331466965,0.725230102869517,1.26367924528302,1.29046242774566,0.963322545846818
"2","LB SC PB",0.001669449081803,0.0023296447291788,0.00235294117647058,0.0024330900243309,0.00256081946222791,0.00193798449612403,0.861435726210349,1.20209668025626,1.21411764705882,1.25547445255474
"3","LB SC ONT",0.00452488687782805,0.0072289156626506,0.00747863247863247,0.00749625187406296,0.00483675937122128,0.00350569675723049,1.29072398190045,2.06204819277109,2.13327991452992,2.13830584707646
"4","GridION Q20",0.0123711340206185,0.017563117453348,0.018057589067838,0.0159914712153518,0.00604370060437006,0.00580806970808105,2.12999062380501,3.02391643628374,3.10905171174402,2.75331943642172
"5","GridION",0.0265700483091787,0.034958148695224,0.0353302611367127,0.0320441988950276,0.0164778578784758,0.0157977883096366,1.68188405797101,2.21285081240768,2.23640552995392,2.02839779005525
"6","scmixology2",0.0279411764705882,0.0378096479791395,0.0385756676557863,0.0322108345534407,0.0171288743882545,0.0161744022503516,1.72749360613811,2.33762258375376,2.38498258289253,1.99146985804316
"7","PromethION",0.0302846759539673,0.0423728813559322,0.0427480916030534,0.0327272727272727,0.0175953079178886,0.0167410714285714,1.80900464365031,2.53107344632768,2.55348600508906,1.95490909090909
"8","Visium",0.057427258805513,0.0797385620915033,0.0795287187039764,0.0275109170305677,0.0203644158628081,0.0200803212851406,2.85987748851455,3.97098039215686,3.96053019145803,1.37004366812227
"9","LB bulk H146",0.00476190476190476,0.00966183574879227,0.00978473581213307,0.0087527352297593,0.00568181818181818,0.00248756218905472,1.91428571428572,3.8840579710145,3.9334637964775,3.51859956236325
"10","DNM1L",0.00160384923817161,0.00525279054497701,0.00527704485488126,0.00065359477124183,0.00064977257959714,0.00064977257959714,2.46832397754611,8.08404464871963,8.12137203166227,1.00588235294118
"11","RAGE-seq",0.0951327433628318,0.127659574468085,0.129213483146067,0.107744107744108,0.107344632768362,0.0881316098707403,1.0794395280236,1.44851063829787,1.46614232209738,1.22253647586981
