sample,dup_count,runtime_min.Nailpolish,runtime_min.SiCeLoRe,runtime_min.UMI-tools,max_rss_gb.Nailpolish,max_rss_gb.SiCeLoRe,max_rss_gb.UMI-tools
LR-split-seq,182018,4.790581666666666,73.33245499999998,2.4723683333333337,11.629730000000002,23.81849,1.4594800000000001
LB SC PB,3764997,78.98121833333335,1176.3568033333331,50.10943666666666,14.53816,252.32897999999997,14.06683
LB SC ONT,1665586,21.12953333333333,431.8241566666667,40.509708333333336,17.911960000000004,130.52302,8.83266
GridION Q20,148040,2.8130666666666664,106.63668166666666,7.22225,16.51189,44.53939,1.8931499999999999
GridION,273318,4.312716666666666,139.82055500000004,16.23603333333333,16.3657,139.57479,3.72325
scmixology2,2699066,33.29926833333333,476.9227266666667,41.65197,17.24493,194.42488999999998,8.900030000000001
PromethION,8173990,109.52085000000001,2489.6145266666663,108.49132999999999,23.7425,363.33645,18.64908
Visium,3685961,170.0977133333333,1127.0898933333333,38.830603333333336,13.13461,204.13732,6.842
LB bulk H146,6133919,27.298733333333335,929.4139416666668,529.7760666666667,6.46917,163.62570000000002,6.50826
DNM1L,265021,28.77807833333333,68.20926833333334,28.909271666666665,18.996460000000003,48.71512,1.73603
RAGE-seq,541741,21.654118333333333,109.65619166666667,83.59454166666667,12.05032,58.57155,9.222240000000001
