sample,reads,pre_sin,pre_dup_groups,pre_dup_reads,post_sin,post_dup_groups,post_dup_reads,post_filtered,pre_saturation,post_saturation,saturation_change
LR-split-seq,2346583,1899359,182018,447224,2020415,151622,326161,7,0.1130179499297489,0.07438028855660328,-0.038637661373145615
LB SC PB,38591908,29019029,3764997,9572879,31727524,3247791,6837359,27025,0.15049481357594452,0.09307866952429233,-0.057416144051652185
LB SC ONT,21737936,17640786,1665586,4097150,18841861,1382582,2880344,15731,0.11185808993089319,0.0689507349737285,-0.04290735495716469
GridION Q20,3030565,2728481,148040,302084,2737670,142619,290521,2374,0.05083012573563017,0.0488417012004857,-0.001988424535144473
GridION,6617007,6055000,273318,562007,6086747,258369,530091,169,0.04362833528814458,0.041065233877571106,-0.002563101410573476
scmixology2,21822958,15951872,2699066,5871086,16323407,2545191,5499327,224,0.14535243114155283,0.13536965624930408,-0.009982774892248747
PromethION,53157076,34157299,8173990,18999777,35116689,7814992,18036708,3679,0.2036565555261166,0.1923059781108628,-0.011350577415253804
Visium,26168349,8789500,3685961,17378849,8932476,3669194,17235368,505,0.52326144075807,0.5184291835429774,-0.004832257215092617
LB bulk H146,27842725,11414391,6133919,16428334,15619633,5180797,12222194,898,0.36973446385007214,0.2529071457846498,-0.11682731806542235
DNM1L,2356402,242905,265021,2113497,250183,264941,2105151,1068,0.7844484939326991,0.7812947123422835,-0.003153781590415572
RAGE-seq,6262648,2763781,541741,3498867,3187004,446968,2983647,0,0.4721846094495491,0.4110877442266626,-0.06109686522288649
