group,count,pct_of_reads_mapping,pct_equality_over_mapped_bases_mean,pct_equality_over_mapped_bases_median,pct_equality_over_all_bases_mean,pct_equality_over_all_bases_median,error_rate_mean,error_rate_median,bases_mapped_mean,bases_mapped_median,length_mean,length_median,pct_mapped_over_total_mean,pct_mapped_over_total_median,alignment_score_mean,alignment_score_median
np_best_original,2916860,99.83886782361854,98.0715238558802,98.30028328611898,86.31107238729383,88.13953488372093,0.03264304000942773,0.029023746701846966,883.6368410389539,755.0,989.4752017580549,850.0,0.8815024106716091,0.8988636363636363,718.66039503324,613.0
np_consensus,2916860,99.855563859767,98.70729199530646,99.05003166561114,85.72299648442194,88.03301237964236,0.0229232649320059,0.017777777777777778,897.2001959042753,770.0,1023.0589188373799,872.0,0.8696364299931513,0.8914285714285715,756.1059088176494,647.0
np_multiread_best_original,2545191,99.86425380256334,98.20042059029976,98.36512261580381,86.82422134942219,88.31967213114754,0.03039317640659241,0.027941176470588237,883.002863790732,758.0,981.3766986446204,850.0,0.8853680252546384,0.8996692392502756,722.574063159982,619.0
np_multiread_consensus,2545191,99.88338792648568,98.92885273914979,99.14893617021276,86.15024573463697,88.21138211382113,0.019257033140192253,0.01617440225035162,898.541840743318,774.0,1019.8645767645729,873.0,0.8717716845125414,0.8913813459268005,765.4749245050493,657.0
np_multiread_random_original,2545191,99.86853638882111,97.4780987359849,97.8021978021978,86.05089970854411,87.60869565217392,0.04320327631624469,0.03780964797913951,883.9330328953969,759.0,985.3533628713916,851.0,0.8839167352761702,0.8990426457789382,694.7137866392326,592.0
np_multiread_worst_original,2545191,99.86425380256334,96.73176840644639,97.03125,85.25099508725509,86.87982359426681,0.056456381888619046,0.051601423487544484,884.7160425000866,759.0,988.9981384501202,852.0,0.8824862486651707,0.8984018264840182,665.7608949159157,566.0
np_random_original,2916860,99.84260471877293,97.4410820443454,97.77777777777777,85.63628810540565,87.5,0.04382368409474998,0.03822019395322305,884.448674212444,756.0,992.945155749676,851.0,0.8802358611793301,0.8983050847457628,694.3439332012256,589.0
np_simplex,15951738,99.73350239328154,97.32335552923874,97.66899766899768,85.11819234192549,87.18320057929037,0.045706932409844137,0.04,889.802782875623,740.0,994.1883581588414,836.0,0.8769397424445468,0.8965153115100317,695.6231205953627,575.0
np_worst_original,2916860,99.83886782361854,96.78968284193212,97.0976253298153,84.93830807106627,86.84668989547039,0.0553910303839485,0.05046844978681933,885.1321050354376,757.0,996.1255106518654,852.0,0.8789871933410338,0.8977395048439182,669.0738081012032,566.0
