sample,reads,pre_sin,pre_dup_groups,pre_dup_reads,post_sin,post_dup_groups,post_dup_reads,post_filtered
dnm1l_barcode01,2356402,242905,265021,2113497,250183,264941,2105151,1068
gridION,6617007,6055000,273318,562007,6086747,258369,530091,169
gridION_Q20,3030565,2728481,148040,302084,2737670,142619,290521,2374
longbench_bulk_H146,27842725,11414391,6133919,16428334,15619633,5180797,12222194,898
longbench_sc_ont,21737936,17640786,1665586,4097150,18841861,1382582,2880344,15731
longbench_sc_pb,38591908,29019029,3764997,9572879,31727524,3247791,6837359,27025
lr-split-seq,2346583,1899359,182018,447224,2020415,151622,326161,7
promethION,53157076,34157299,8173990,18999777,35116689,7814992,18036708,3679
rage-seq,6262648,2763781,541741,3498867,3187004,446968,2983647,0
scmixology2,21822958,15951872,2699066,5871086,16323407,2545191,5499327,224
visium,26168349,8789500,3685961,17378849,8932476,3669194,17235368,505